{
  "iteration": 69,
  "kp": 0.7,
  "ki": 0.1,
  "kd": 0.05,
  "mae": 0.5365596139851627,
  "rmse": 0.538665453994367,
  "max_error": 0.9999521849344,
  "speed_variance": 0.002264251967050758,
  "overshoot": 0.0,
  "settling_time": null,
  "score": 16.55879054811967
}