{
  "iteration": 54,
  "kp": 0.5,
  "ki": 0.25,
  "kd": 0.05,
  "mae": 0.01565888470270612,
  "rmse": 0.057016392866955645,
  "max_error": 0.655,
  "speed_variance": 0.0009156763535136553,
  "overshoot": 0.0,
  "settling_time": 0.10928058624267578,
  "score": 1.0685466163313464
}