{
  "iteration": 139,
  "kp": 1.1,
  "ki": 0.2,
  "kd": 0.05,
  "mae": 0.3843706975814178,
  "rmse": 0.384670558820359,
  "max_error": 0.5617845246044315,
  "speed_variance": 0.00023060566394159335,
  "overshoot": 0.0,
  "settling_time": null,
  "score": 12.625295641316644
}