{
  "iteration": 28,
  "kp": 0.3,
  "ki": 0.3,
  "kd": 0.03,
  "mae": 0.016128514291244057,
  "rmse": 0.05446341107829877,
  "max_error": 0.784,
  "speed_variance": 0.00024578464857914105,
  "overshoot": 0.0,
  "settling_time": 0.07760739326477051,
  "score": 0.9982862808423562
}