{
  "iteration": 121,
  "kp": 1.1,
  "ki": 0.05,
  "kd": 0.01,
  "mae": 0.4533129227623959,
  "rmse": 0.4533465297767146,
  "max_error": 0.5477047391892027,
  "speed_variance": 3.0470117203736633e-05,
  "overshoot": 0.0,
  "settling_time": null,
  "score": 14.334850680134863
}