{
  "iteration": 178,
  "kp": 1.3,
  "ki": 0.3,
  "kd": 0.03,
  "mae": 0.3095375036796944,
  "rmse": 0.31024968855855123,
  "max_error": 0.5185306613010038,
  "speed_variance": 0.0004414030664211846,
  "overshoot": 0.0,
  "settling_time": null,
  "score": 10.771190518496272
}