{
  "iteration": 56,
  "kp": 0.5,
  "ki": 0.3,
  "kd": 0.01,
  "mae": 0.1213726908673831,
  "rmse": 0.2052295409466565,
  "max_error": 0.6864149504051598,
  "speed_variance": 0.020841680404871644,
  "overshoot": 0.0,
  "settling_time": 9.588048219680786,
  "score": 6.293058865085339
}