{
  "iteration": 117,
  "kp": 0.9,
  "ki": 0.3,
  "kd": 0.02,
  "mae": 0.37305269236463245,
  "rmse": 0.37362530996763005,
  "max_error": 0.5440870278316445,
  "speed_variance": 0.0004275609679065165,
  "overshoot": 0.0,
  "settling_time": null,
  "score": 12.356284621556101
}