{
  "iteration": 46,
  "kp": 0.5,
  "ki": 0.2,
  "kd": 0.01,
  "mae": 0.026015243714955994,
  "rmse": 0.09567693972519592,
  "max_error": 0.6819999999999999,
  "speed_variance": 0.0020691510129731416,
  "overshoot": 0.0,
  "settling_time": 0.17606902122497559,
  "score": 1.8163709857986532
}