{
  "iteration": 11,
  "kp": 0.3,
  "ki": 0.15,
  "kd": 0.01,
  "mae": 0.05466507298617475,
  "rmse": 0.06418754461918824,
  "max_error": 0.8049999999999999,
  "speed_variance": 0.0007462203389244572,
  "overshoot": 0.0,
  "settling_time": 9.13485336303711,
  "score": 2.4602602523995047
}