{
  "iteration": 125,
  "kp": 1.1,
  "ki": 0.05,
  "kd": 0.07,
  "mae": 0.45534455944340063,
  "rmse": 0.4557756659304587,
  "max_error": 0.76,
  "speed_variance": 0.0003927898396485438,
  "overshoot": 0.0,
  "settling_time": null,
  "score": 14.409720075373315
}