{
  "iteration": 83,
  "kp": 0.7,
  "ki": 0.25,
  "kd": 0.03,
  "mae": 0.44632756385675787,
  "rmse": 0.4471767387670528,
  "max_error": 0.7816497310008355,
  "speed_variance": 0.0007587414360286891,
  "overshoot": 0.0,
  "settling_time": null,
  "score": 14.208863791874805
}