{
  "iteration": 131,
  "kp": 1.1,
  "ki": 0.15,
  "kd": 0.01,
  "mae": 0.40699604072459006,
  "rmse": 0.4071136417067861,
  "max_error": 0.49983944631029953,
  "speed_variance": 9.574009826921728e-05,
  "overshoot": 0.0,
  "settling_time": null,
  "score": 13.181452037761153
}