{
  "iteration": 92,
  "kp": 0.9,
  "ki": 0.05,
  "kd": 0.02,
  "mae": 0.5009202251710139,
  "rmse": 0.5009491852707625,
  "max_error": 0.5798520698578485,
  "speed_variance": 2.9014238061508038e-05,
  "overshoot": 0.0,
  "settling_time": null,
  "score": 15.524890742674652
}