{
  "iteration": 116,
  "kp": 0.9,
  "ki": 0.3,
  "kd": 0.01,
  "mae": 0.3731706051969275,
  "rmse": 0.37373211444015675,
  "max_error": 0.5280739783106658,
  "speed_variance": 0.00041939278086926274,
  "overshoot": 0.0,
  "settling_time": null,
  "score": 12.35865740761509
}