{
  "iteration": 84,
  "kp": 0.7,
  "ki": 0.25,
  "kd": 0.05,
  "mae": 0.44551560124128,
  "rmse": 0.44595703708938556,
  "max_error": 0.6147391407967862,
  "speed_variance": 0.0003935279801644527,
  "overshoot": 0.0,
  "settling_time": null,
  "score": 14.164187967761805
}