{
  "iteration": 134,
  "kp": 1.1,
  "ki": 0.15,
  "kd": 0.05,
  "mae": 0.40734184181066263,
  "rmse": 0.4075185993943402,
  "max_error": 0.5458132033642459,
  "speed_variance": 0.00014403276262186574,
  "overshoot": 0.0,
  "settling_time": null,
  "score": 13.193399047152823
}