{
  "iteration": 98,
  "kp": 0.9,
  "ki": 0.1,
  "kd": 0.03,
  "mae": 0.4748449207627491,
  "rmse": 0.4748908373312128,
  "max_error": 0.5626848216126926,
  "speed_variance": 4.3608606958990656e-05,
  "overshoot": 0.0,
  "settling_time": null,
  "score": 14.873992197943634
}