{
  "iteration": 104,
  "kp": 0.9,
  "ki": 0.15,
  "kd": 0.05,
  "mae": 0.4507444884107297,
  "rmse": 0.45114725310657544,
  "max_error": 0.7588637918728585,
  "speed_variance": 0.000363250152958019,
  "overshoot": 0.0,
  "settling_time": null,
  "score": 14.292816188353829
}