{
  "iteration": 87,
  "kp": 0.7,
  "ki": 0.3,
  "kd": 0.02,
  "mae": 0.4169451856137771,
  "rmse": 0.4175895435031596,
  "max_error": 0.5959470815436734,
  "speed_variance": 0.0005377390366702881,
  "overshoot": 0.0,
  "settling_time": null,
  "score": 13.460181960518678
}