{
  "iteration": 63,
  "kp": 0.7,
  "ki": 0.05,
  "kd": 0.03,
  "mae": 0.5599846430983302,
  "rmse": 0.5600239732484286,
  "max_error": 0.6514170224203888,
  "speed_variance": 4.4050106992175915e-05,
  "overshoot": 0.0,
  "settling_time": null,
  "score": 17.002408535059338
}