{
  "iteration": 160,
  "kp": 1.3,
  "ki": 0.1,
  "kd": 0.07,
  "mae": 0.39773908859041884,
  "rmse": 0.3999496071175846,
  "max_error": 0.9616,
  "speed_variance": 0.0017633056407732565,
  "overshoot": 0.0,
  "settling_time": null,
  "score": 13.06480027470662
}