{
  "iteration": 123,
  "kp": 1.1,
  "ki": 0.05,
  "kd": 0.03,
  "mae": 0.45324548320982183,
  "rmse": 0.4532701044478879,
  "max_error": 0.5311225156021614,
  "speed_variance": 2.2319536094364638e-05,
  "overshoot": 0.0,
  "settling_time": null,
  "score": 14.332622375621254
}