{
  "iteration": 97,
  "kp": 0.9,
  "ki": 0.1,
  "kd": 0.02,
  "mae": 0.47767633165728934,
  "rmse": 0.478497651869829,
  "max_error": 0.9080457805512953,
  "speed_variance": 0.0007853250193754962,
  "overshoot": 0.0,
  "settling_time": null,
  "score": 14.993494345589102
}