{
  "iteration": 94,
  "kp": 0.9,
  "ki": 0.05,
  "kd": 0.05,
  "mae": 0.5008851005545786,
  "rmse": 0.500914277020787,
  "max_error": 0.5944003836009646,
  "speed_variance": 2.9228965687442025e-05,
  "overshoot": 0.0,
  "settling_time": null,
  "score": 15.524026609141963
}