{
  "iteration": 21,
  "kp": 0.3,
  "ki": 0.25,
  "kd": 0.01,
  "mae": 0.3207882661120125,
  "rmse": 0.41410882815044847,
  "max_error": 0.7989999999999999,
  "speed_variance": 0.03283107310356947,
  "overshoot": 0.0,
  "settling_time": 22.4866042137146,
  "score": 13.309729159926786
}