{
  "iteration": 157,
  "kp": 1.3,
  "ki": 0.1,
  "kd": 0.02,
  "mae": 0.3948747739799841,
  "rmse": 0.39545515792422825,
  "max_error": 0.76,
  "speed_variance": 0.00045869480313277854,
  "overshoot": 0.0,
  "settling_time": null,
  "score": 12.903509848819905
}