{
  "iteration": 180,
  "kp": 1.3,
  "ki": 0.3,
  "kd": 0.07,
  "mae": 0.3112875885255747,
  "rmse": 0.313271845663462,
  "max_error": 0.76,
  "speed_variance": 0.0012392865153244372,
  "overshoot": 0.0,
  "settling_time": null,
  "score": 10.873917895973898
}