{
  "iteration": 72,
  "kp": 0.7,
  "ki": 0.15,
  "kd": 0.02,
  "mae": 0.5023495463344617,
  "rmse": 0.5024791854433414,
  "max_error": 0.6007943208875083,
  "speed_variance": 0.00013026510136432024,
  "overshoot": 0.0,
  "settling_time": null,
  "score": 15.567196500062954
}