{
  "iteration": 13,
  "kp": 0.3,
  "ki": 0.15,
  "kd": 0.03,
  "mae": 0.08263182493018709,
  "rmse": 0.18335308329799863,
  "max_error": 0.8083873514347641,
  "speed_variance": 0.0015114791986360577,
  "overshoot": 0.0,
  "settling_time": 2.848675489425659,
  "score": 3.937056007646219
}