{
  "iteration": 82,
  "kp": 0.7,
  "ki": 0.25,
  "kd": 0.02,
  "mae": 0.44502307051935924,
  "rmse": 0.44539416428848505,
  "max_error": 0.5860846580009457,
  "speed_variance": 0.0003304282877594849,
  "overshoot": 0.0,
  "settling_time": null,
  "score": 14.147664583908842
}