{
  "iteration": 122,
  "kp": 1.1,
  "ki": 0.05,
  "kd": 0.02,
  "mae": 0.4532557946149816,
  "rmse": 0.4532818779748215,
  "max_error": 0.5309444789610072,
  "speed_variance": 2.3645548322628538e-05,
  "overshoot": 0.0,
  "settling_time": null,
  "score": 14.33296839318827
}