{
  "iteration": 101,
  "kp": 0.9,
  "ki": 0.15,
  "kd": 0.01,
  "mae": 0.4494518983483536,
  "rmse": 0.4495551425170065,
  "max_error": 0.5347952850810735,
  "speed_variance": 9.281723454724616e-05,
  "overshoot": 0.0,
  "settling_time": null,
  "score": 14.242486982965994
}