{
  "iteration": 67,
  "kp": 0.7,
  "ki": 0.1,
  "kd": 0.02,
  "mae": 0.5311974989810595,
  "rmse": 0.5312767524285166,
  "max_error": 0.6281611157854338,
  "speed_variance": 8.420474725858168e-05,
  "overshoot": 0.0,
  "settling_time": null,
  "score": 16.285336513601273
}