{
  "iteration": 10,
  "kp": 0.3,
  "ki": 0.1,
  "kd": 0.07,
  "mae": 0.08689363156062856,
  "rmse": 0.09134203524703417,
  "max_error": 0.772,
  "speed_variance": 0.0004816123540666696,
  "overshoot": 0.0,
  "settling_time": null,
  "score": 5.263147462015132
}