{
  "iteration": 175,
  "kp": 1.3,
  "ki": 0.25,
  "kd": 0.07,
  "mae": 0.33448701117917956,
  "rmse": 0.338367007565941,
  "max_error": 0.9639972597898117,
  "speed_variance": 0.0026106711615490386,
  "overshoot": 0.0,
  "settling_time": null,
  "score": 11.550908783358363
}