{
  "iteration": 37,
  "kp": 0.5,
  "ki": 0.1,
  "kd": 0.02,
  "mae": 0.044656462549342336,
  "rmse": 0.12440348139373955,
  "max_error": 0.6819999999999999,
  "speed_variance": 0.00394368051317429,
  "overshoot": 0.0,
  "settling_time": 0.9759128093719482,
  "score": 2.607392152995426
}