{
  "iteration": 39,
  "kp": 0.5,
  "ki": 0.1,
  "kd": 0.05,
  "mae": 0.07497332883448181,
  "rmse": 0.17670980977076556,
  "max_error": 0.8036701363029499,
  "speed_variance": 0.007999920982363583,
  "overshoot": 0.0,
  "settling_time": 6.41099214553833,
  "score": 4.441475698578314
}