{
  "iteration": 38,
  "kp": 0.5,
  "ki": 0.1,
  "kd": 0.03,
  "mae": 0.05594617419586773,
  "rmse": 0.14214740735080814,
  "max_error": 0.9203109122809008,
  "speed_variance": 0.0037718549623633763,
  "overshoot": 0.0,
  "settling_time": 5.925279855728149,
  "score": 3.472793585911783
}