{
  "iteration": 99,
  "kp": 0.9,
  "ki": 0.1,
  "kd": 0.05,
  "mae": 0.4759676866734038,
  "rmse": 0.4761577457012428,
  "max_error": 0.7170423699481253,
  "speed_variance": 0.00018096003405799194,
  "overshoot": 0.0,
  "settling_time": null,
  "score": 14.911091053955579
}