{
  "iteration": 141,
  "kp": 1.1,
  "ki": 0.25,
  "kd": 0.01,
  "mae": 0.3611997987805196,
  "rmse": 0.36160840081721024,
  "max_error": 0.5194040564619052,
  "speed_variance": 0.00029534090249234664,
  "overshoot": 0.0,
  "settling_time": null,
  "score": 12.050891045187967
}