{
  "iteration": 156,
  "kp": 1.3,
  "ki": 0.1,
  "kd": 0.01,
  "mae": 0.3933643836401403,
  "rmse": 0.39348009721588545,
  "max_error": 0.5310755202917994,
  "speed_variance": 9.104858843519704e-05,
  "overshoot": 0.0,
  "settling_time": null,
  "score": 12.840397724061447
}