{
  "iteration": 118,
  "kp": 0.9,
  "ki": 0.3,
  "kd": 0.03,
  "mae": 0.37318344449689755,
  "rmse": 0.3737917810894812,
  "max_error": 0.5653458318781619,
  "speed_variance": 0.0004544123634775318,
  "overshoot": 0.0,
  "settling_time": null,
  "score": 12.36143177948507
}