{
  "iteration": 127,
  "kp": 1.1,
  "ki": 0.1,
  "kd": 0.02,
  "mae": 0.43022984264055125,
  "rmse": 0.43030305404075814,
  "max_error": 0.5390737139447144,
  "speed_variance": 6.300081829029147e-05,
  "overshoot": 0.0,
  "settling_time": null,
  "score": 13.7599942779314
}