{
  "iteration": 61,
  "kp": 0.7,
  "ki": 0.05,
  "kd": 0.01,
  "mae": 0.5593879678926608,
  "rmse": 0.5593954273592896,
  "max_error": 0.5812906795293316,
  "speed_variance": 8.345527401643839e-06,
  "overshoot": 0.0,
  "settling_time": null,
  "score": 16.985228365686034
}