{
  "iteration": 52,
  "kp": 0.5,
  "ki": 0.25,
  "kd": 0.02,
  "mae": 0.02602553327516713,
  "rmse": 0.09506262991123765,
  "max_error": 0.7105195669671404,
  "speed_variance": 0.0015736259286808286,
  "overshoot": 0.0,
  "settling_time": 0.12769341468811035,
  "score": 1.7776454193230884
}