{
  "iteration": 32,
  "kp": 0.5,
  "ki": 0.05,
  "kd": 0.02,
  "mae": 0.06321869631551137,
  "rmse": 0.19790272569131445,
  "max_error": 0.6859430893280116,
  "speed_variance": 0.007781419704815068,
  "overshoot": 0.0,
  "settling_time": 0.2730906009674072,
  "score": 4.017107893862324
}