{
  "iteration": 163,
  "kp": 1.3,
  "ki": 0.15,
  "kd": 0.03,
  "mae": 0.37187063283480193,
  "rmse": 0.3719811648870657,
  "max_error": 0.44303344253837074,
  "speed_variance": 8.221946578234202e-05,
  "overshoot": 0.0,
  "settling_time": null,
  "score": 12.30253477494312
}