{
  "iteration": 103,
  "kp": 0.9,
  "ki": 0.15,
  "kd": 0.03,
  "mae": 0.4498599674536785,
  "rmse": 0.45001409445165846,
  "max_error": 0.5798725575626437,
  "speed_variance": 0.00013869488772153368,
  "overshoot": 0.0,
  "settling_time": null,
  "score": 14.25574583569774
}