{
  "iteration": 73,
  "kp": 0.7,
  "ki": 0.15,
  "kd": 0.03,
  "mae": 0.502661359932892,
  "rmse": 0.5028669989957262,
  "max_error": 0.6669460649494068,
  "speed_variance": 0.00020677590938326875,
  "overshoot": 0.0,
  "settling_time": null,
  "score": 15.579957379733976
}