{
  "iteration": 79,
  "kp": 0.7,
  "ki": 0.2,
  "kd": 0.05,
  "mae": 0.47440670444723565,
  "rmse": 0.47479914680429697,
  "max_error": 0.6852404795803091,
  "speed_variance": 0.0003725085816015607,
  "overshoot": 0.0,
  "settling_time": null,
  "score": 14.88467967561689
}