{
  "iteration": 75,
  "kp": 0.7,
  "ki": 0.15,
  "kd": 0.07,
  "mae": 0.5027235218417105,
  "rmse": 0.5029062313993988,
  "max_error": 0.6414266307054861,
  "speed_variance": 0.00018373816741282454,
  "overshoot": 0.0,
  "settling_time": null,
  "score": 15.58001559777873
}