{
  "iteration": 126,
  "kp": 1.1,
  "ki": 0.1,
  "kd": 0.01,
  "mae": 0.43013563067770105,
  "rmse": 0.4302116343117568,
  "max_error": 0.5459219347411778,
  "speed_variance": 6.538951868911663e-05,
  "overshoot": 0.0,
  "settling_time": null,
  "score": 13.757800297387817
}