{
  "iteration": 137,
  "kp": 1.1,
  "ki": 0.2,
  "kd": 0.02,
  "mae": 0.3840810425653007,
  "rmse": 0.3843123981739132,
  "max_error": 0.5063167024406922,
  "speed_variance": 0.0001777721321361323,
  "overshoot": 0.0,
  "settling_time": null,
  "score": 12.614385004868511
}