{
  "iteration": 27,
  "kp": 0.3,
  "ki": 0.3,
  "kd": 0.02,
  "mae": 0.028259200358189962,
  "rmse": 0.09476631007115627,
  "max_error": 0.79,
  "speed_variance": 0.0007724154925639967,
  "overshoot": 0.0,
  "settling_time": 0.15238547325134277,
  "score": 1.7579459766025778
}