{
  "iteration": 62,
  "kp": 0.7,
  "ki": 0.05,
  "kd": 0.02,
  "mae": 0.5597467909778395,
  "rmse": 0.5597687782877916,
  "max_error": 0.6181243438485922,
  "speed_variance": 2.461513581739471e-05,
  "overshoot": 0.0,
  "settling_time": null,
  "score": 16.99523034088614
}