{
  "iteration": 40,
  "kp": 0.5,
  "ki": 0.1,
  "kd": 0.07,
  "mae": 0.011750609775140468,
  "rmse": 0.06705443014887967,
  "max_error": 0.6519999999999999,
  "speed_variance": 0.0013804218799362126,
  "overshoot": 0.0,
  "settling_time": 0.1307847499847412,
  "score": 1.2054221189798844
}