{
  "iteration": 60,
  "kp": 0.5,
  "ki": 0.3,
  "kd": 0.07,
  "mae": 0.47199218418397115,
  "rmse": 0.47268497256823916,
  "max_error": 0.6802571113236785,
  "speed_variance": 0.0006544613610813017,
  "overshoot": 0.0,
  "settling_time": null,
  "score": 14.842919498417363
}