{
  "iteration": 64,
  "kp": 0.7,
  "ki": 0.05,
  "kd": 0.05,
  "mae": 0.5597574235567103,
  "rmse": 0.5597783580651899,
  "max_error": 0.6180034350395758,
  "speed_variance": 2.3436931313554793e-05,
  "overshoot": 0.0,
  "settling_time": null,
  "score": 16.99542145311063
}