{
  "iteration": 80,
  "kp": 0.7,
  "ki": 0.2,
  "kd": 0.07,
  "mae": 0.4737343330690608,
  "rmse": 0.47400973860357104,
  "max_error": 0.6289845267131777,
  "speed_variance": 0.000261013962637857,
  "overshoot": 0.0,
  "settling_time": null,
  "score": 14.860540107876067
}