{
  "iteration": 173,
  "kp": 1.3,
  "ki": 0.25,
  "kd": 0.03,
  "mae": 0.3307562671449507,
  "rmse": 0.3313452918647963,
  "max_error": 0.5711102757383268,
  "speed_variance": 0.0003899941853050592,
  "overshoot": 0.0,
  "settling_time": null,
  "score": 11.297241758686704
}