{
  "iteration": 149,
  "kp": 1.1,
  "ki": 0.3,
  "kd": 0.05,
  "mae": 0.33932002739626416,
  "rmse": 0.34037126657027456,
  "max_error": 0.6836410710025389,
  "speed_variance": 0.0007145181144514001,
  "overshoot": 0.0,
  "settling_time": null,
  "score": 11.53449517823933
}