{
  "iteration": 5,
  "kp": 0.3,
  "ki": 0.05,
  "kd": 0.07,
  "mae": 0.5796769676185809,
  "rmse": 0.6373989737639766,
  "max_error": 0.7986039930707424,
  "speed_variance": 0.006621745960200333,
  "overshoot": 0.0,
  "settling_time": null,
  "score": 18.688841580655474
}