{
  "iteration": 158,
  "kp": 1.3,
  "ki": 0.1,
  "kd": 0.03,
  "mae": 0.3931271399937452,
  "rmse": 0.39321564149919896,
  "max_error": 0.5071796352344424,
  "speed_variance": 6.959251996486501e-05,
  "overshoot": 0.0,
  "settling_time": null,
  "score": 12.83298564842368
}