{
  "iteration": 142,
  "kp": 1.1,
  "ki": 0.25,
  "kd": 0.02,
  "mae": 0.3616050124726534,
  "rmse": 0.3621967842149445,
  "max_error": 0.6216384864301774,
  "speed_variance": 0.00042832545029929987,
  "overshoot": 0.0,
  "settling_time": null,
  "score": 12.070418160465668
}