{
  "iteration": 112,
  "kp": 0.9,
  "ki": 0.25,
  "kd": 0.02,
  "mae": 0.4003956194225432,
  "rmse": 0.4016260564037496,
  "max_error": 0.7856683928298407,
  "speed_variance": 0.0009868371296658817,
  "overshoot": 0.0,
  "settling_time": null,
  "score": 13.07768889676497
}