{
  "iteration": 19,
  "kp": 0.3,
  "ki": 0.2,
  "kd": 0.05,
  "mae": 0.6187548731151998,
  "rmse": 0.6190051222770933,
  "max_error": 0.778,
  "speed_variance": 0.0003097484014720723,
  "overshoot": 0.0,
  "settling_time": null,
  "score": 18.488112985382003
}