{
  "iteration": 152,
  "kp": 1.3,
  "ki": 0.05,
  "kd": 0.02,
  "mae": 0.41452548901545383,
  "rmse": 0.41462920005451653,
  "max_error": 0.5964807483300854,
  "speed_variance": 8.599249434717733e-05,
  "overshoot": 0.0,
  "settling_time": null,
  "score": 13.368992515689644
}