{
  "iteration": 1,
  "kp": 0.3,
  "ki": 0.05,
  "kd": 0.01,
  "mae": 0.7314951909333651,
  "rmse": 0.7315093238906715,
  "max_error": 0.8109999999999999,
  "speed_variance": 2.06765803472116e-05,
  "overshoot": 0.0,
  "settling_time": null,
  "score": 21.288625596711082
}