{
  "iteration": 34,
  "kp": 0.5,
  "ki": 0.05,
  "kd": 0.05,
  "mae": 0.010966214642717803,
  "rmse": 0.0711943391878825,
  "max_error": 0.667,
  "speed_variance": 0.0013843854836345835,
  "overshoot": 0.0,
  "settling_time": 0.11964702606201172,
  "score": 1.258761211033346
}