{
  "iteration": 135,
  "kp": 1.1,
  "ki": 0.15,
  "kd": 0.07,
  "mae": 0.4094630674987403,
  "rmse": 0.4105063723314488,
  "max_error": 0.8164870937570825,
  "speed_variance": 0.0008554780792481399,
  "overshoot": 0.0,
  "settling_time": null,
  "score": 13.295000163921543
}