{
  "iteration": 45,
  "kp": 0.5,
  "ki": 0.15,
  "kd": 0.07,
  "mae": 0.06933609888684472,
  "rmse": 0.15177504440920792,
  "max_error": 0.6898652683488862,
  "speed_variance": 0.006542235234334607,
  "overshoot": 0.0,
  "settling_time": 7.974327325820923,
  "score": 4.094531149305388
}