{
  "iteration": 128,
  "kp": 1.1,
  "ki": 0.1,
  "kd": 0.03,
  "mae": 0.4305096871355989,
  "rmse": 0.4306294602887162,
  "max_error": 0.5960995381034123,
  "speed_variance": 0.00010314135095971675,
  "overshoot": 0.0,
  "settling_time": null,
  "score": 13.769695843234716
}