{
  "iteration": 106,
  "kp": 0.9,
  "ki": 0.2,
  "kd": 0.01,
  "mae": 0.42396475241081344,
  "rmse": 0.4241795710810646,
  "max_error": 0.5418453744238485,
  "speed_variance": 0.00018219723575352393,
  "overshoot": 0.0,
  "settling_time": null,
  "score": 13.61145095211178
}