{
  "iteration": 59,
  "kp": 0.5,
  "ki": 0.3,
  "kd": 0.05,
  "mae": 0.47197619867849394,
  "rmse": 0.47264479733085224,
  "max_error": 0.6629784085071624,
  "speed_variance": 0.000631572324921313,
  "overshoot": 0.0,
  "settling_time": null,
  "score": 14.84101256299379
}