{
  "iteration": 136,
  "kp": 1.1,
  "ki": 0.2,
  "kd": 0.01,
  "mae": 0.3841331679958256,
  "rmse": 0.3843752885648628,
  "max_error": 0.5138566501347419,
  "speed_variance": 0.0001860717048124387,
  "overshoot": 0.0,
  "settling_time": null,
  "score": 12.616264593671819
}