{
  "iteration": 2,
  "kp": 0.3,
  "ki": 0.05,
  "kd": 0.02,
  "mae": 0.731423481895854,
  "rmse": 0.7314365257201108,
  "max_error": 0.8049999999999999,
  "speed_variance": 1.9081288851683758e-05,
  "overshoot": 0.0,
  "settling_time": null,
  "score": 21.286736769202786
}