{
  "iteration": 146,
  "kp": 1.1,
  "ki": 0.3,
  "kd": 0.01,
  "mae": 0.3383465121088814,
  "rmse": 0.3390107924595765,
  "max_error": 0.5400165991482767,
  "speed_variance": 0.0004499551478245853,
  "overshoot": 0.0,
  "settling_time": null,
  "score": 11.49112476537369
}