{
  "iteration": 164,
  "kp": 1.3,
  "ki": 0.15,
  "kd": 0.05,
  "mae": 0.3727414360302866,
  "rmse": 0.3730827026738273,
  "max_error": 0.6368694347231932,
  "speed_variance": 0.0002545249004871798,
  "overshoot": 0.0,
  "settling_time": null,
  "score": 12.336381145434634
}