{
  "iteration": 93,
  "kp": 0.9,
  "ki": 0.05,
  "kd": 0.03,
  "mae": 0.5009376202895752,
  "rmse": 0.5009710234411268,
  "max_error": 0.600462413778621,
  "speed_variance": 3.3466906267378865e-05,
  "overshoot": 0.0,
  "settling_time": null,
  "score": 15.525614899826023
}