{
  "iteration": 76,
  "kp": 0.7,
  "ki": 0.2,
  "kd": 0.01,
  "mae": 0.4736825370577444,
  "rmse": 0.47390601796591747,
  "max_error": 0.5837124971773913,
  "speed_variance": 0.0002117679508511569,
  "overshoot": 0.0,
  "settling_time": null,
  "score": 14.856004037608765
}