{
  "iteration": 171,
  "kp": 1.3,
  "ki": 0.25,
  "kd": 0.01,
  "mae": 0.33019122001990775,
  "rmse": 0.33058630253794874,
  "max_error": 0.4556809179562602,
  "speed_variance": 0.00026106164747712485,
  "overshoot": 0.0,
  "settling_time": null,
  "score": 11.273759820642164
}