{
  "iteration": 143,
  "kp": 1.1,
  "ki": 0.25,
  "kd": 0.03,
  "mae": 0.36362515327255973,
  "rmse": 0.36566074390085235,
  "max_error": 0.904,
  "speed_variance": 0.001484527537632206,
  "overshoot": 0.0,
  "settling_time": null,
  "score": 12.195389068119992
}