{
  "iteration": 14,
  "kp": 0.3,
  "ki": 0.15,
  "kd": 0.05,
  "mae": 0.05987118086107929,
  "rmse": 0.12287304847642268,
  "max_error": 0.8016409026144378,
  "speed_variance": 0.0004349331263095672,
  "overshoot": 0.0,
  "settling_time": 4.963443994522095,
  "score": 2.959898591524821
}