{
  "iteration": 166,
  "kp": 1.3,
  "ki": 0.2,
  "kd": 0.01,
  "mae": 0.35095823635182544,
  "rmse": 0.351185756236976,
  "max_error": 0.4536223511840185,
  "speed_variance": 0.00015975172055290006,
  "overshoot": 0.0,
  "settling_time": null,
  "score": 11.78535629310054
}