{
  "iteration": 174,
  "kp": 1.3,
  "ki": 0.25,
  "kd": 0.05,
  "mae": 0.3305127693050398,
  "rmse": 0.33100482428280364,
  "max_error": 0.5191374865481988,
  "speed_variance": 0.0003255030248033049,
  "overshoot": 0.0,
  "settling_time": null,
  "score": 11.286475208532618
}