{
  "iteration": 85,
  "kp": 0.7,
  "ki": 0.25,
  "kd": 0.07,
  "mae": 0.4464128838364383,
  "rmse": 0.4472130232125775,
  "max_error": 0.7754062513195092,
  "speed_variance": 0.0007150252757680875,
  "overshoot": 0.0,
  "settling_time": null,
  "score": 14.208075450341449
}