{
  "iteration": 153,
  "kp": 1.3,
  "ki": 0.05,
  "kd": 0.03,
  "mae": 0.414165867564096,
  "rmse": 0.41420560469143597,
  "max_error": 0.5144464032450247,
  "speed_variance": 3.291710267780382e-05,
  "overshoot": 0.0,
  "settling_time": null,
  "score": 13.35638860114639
}