{
  "iteration": 35,
  "kp": 0.5,
  "ki": 0.05,
  "kd": 0.07,
  "mae": 0.01942875992892727,
  "rmse": 0.0780152031327097,
  "max_error": 0.655,
  "speed_variance": 0.001771807805774229,
  "overshoot": 0.0,
  "settling_time": 0.19665122032165527,
  "score": 1.4727711586007952
}