{
  "iteration": 132,
  "kp": 1.1,
  "ki": 0.15,
  "kd": 0.02,
  "mae": 0.40712264850931845,
  "rmse": 0.40725832976074977,
  "max_error": 0.5216975805818875,
  "speed_variance": 0.00011049623027351149,
  "overshoot": 0.0,
  "settling_time": null,
  "score": 13.185626243018106
}