{
  "iteration": 133,
  "kp": 1.1,
  "ki": 0.15,
  "kd": 0.03,
  "mae": 0.4074196422655292,
  "rmse": 0.4076198573482525,
  "max_error": 0.5827147812898774,
  "speed_variance": 0.00016318320083798837,
  "overshoot": 0.0,
  "settling_time": null,
  "score": 13.19665344292098
}