{
  "iteration": 167,
  "kp": 1.3,
  "ki": 0.2,
  "kd": 0.02,
  "mae": 0.35108656950269784,
  "rmse": 0.35132855303689486,
  "max_error": 0.4625269432678061,
  "speed_variance": 0.00016997289382552648,
  "overshoot": 0.0,
  "settling_time": null,
  "score": 11.789292635271677
}