{
  "iteration": 168,
  "kp": 1.3,
  "ki": 0.2,
  "kd": 0.03,
  "mae": 0.35071426311043224,
  "rmse": 0.35094284279279525,
  "max_error": 0.4692120538255744,
  "speed_variance": 0.00016038455839504785,
  "overshoot": 0.0,
  "settling_time": null,
  "score": 11.779304500916004
}