{
  "iteration": 43,
  "kp": 0.5,
  "ki": 0.15,
  "kd": 0.03,
  "mae": 0.021233920886590936,
  "rmse": 0.09759339779675193,
  "max_error": 0.70509665426997,
  "speed_variance": 0.0019198117917896473,
  "overshoot": 0.0,
  "settling_time": 0.11628961563110352,
  "score": 1.783859726969781
}