{
  "iteration": 55,
  "kp": 0.5,
  "ki": 0.25,
  "kd": 0.07,
  "mae": 0.021633996840331383,
  "rmse": 0.0823260085331376,
  "max_error": 0.7667082130526699,
  "speed_variance": 0.0009963034961828889,
  "overshoot": 0.0,
  "settling_time": 0.13536405563354492,
  "score": 1.5145816767728766
}