{
  "iteration": 120,
  "kp": 0.9,
  "ki": 0.3,
  "kd": 0.07,
  "mae": 0.37366250988736205,
  "rmse": 0.37440464328930056,
  "max_error": 0.6342101130729836,
  "speed_variance": 0.0005551656212654758,
  "overshoot": 0.0,
  "settling_time": null,
  "score": 12.380453029276403
}