{
  "iteration": 124,
  "kp": 1.1,
  "ki": 0.05,
  "kd": 0.05,
  "mae": 0.45360675027413466,
  "rmse": 0.4536694578985764,
  "max_error": 0.6004016866969726,
  "speed_variance": 5.68931357271443e-05,
  "overshoot": 0.0,
  "settling_time": null,
  "score": 14.34395402800635
}