{
  "iteration": 9,
  "kp": 0.3,
  "ki": 0.1,
  "kd": 0.05,
  "mae": 0.09109051678319999,
  "rmse": 0.12515350612490375,
  "max_error": 0.7944391705254803,
  "speed_variance": 0.0003710446401267827,
  "overshoot": 0.0,
  "settling_time": null,
  "score": 5.806759991711895
}