{
  "iteration": 26,
  "kp": 0.3,
  "ki": 0.3,
  "kd": 0.01,
  "mae": 0.06354541806586307,
  "rmse": 0.15342727777414822,
  "max_error": 0.796,
  "speed_variance": 0.0027956059055779243,
  "overshoot": 0.0,
  "settling_time": 2.5262811183929443,
  "score": 3.329271754389044
}