{
  "iteration": 71,
  "kp": 0.7,
  "ki": 0.15,
  "kd": 0.01,
  "mae": 0.5022832910874926,
  "rmse": 0.5024019781570691,
  "max_error": 0.5869485454076031,
  "speed_variance": 0.00011924315045326773,
  "overshoot": 0.0,
  "settling_time": null,
  "score": 15.564824740753625
}