{
  "iteration": 107,
  "kp": 0.9,
  "ki": 0.2,
  "kd": 0.02,
  "mae": 0.42483871622892977,
  "rmse": 0.4252394005138433,
  "max_error": 0.6507335089733927,
  "speed_variance": 0.0003406129423277615,
  "overshoot": 0.0,
  "settling_time": null,
  "score": 13.644008817113335
}