{
  "iteration": 74,
  "kp": 0.7,
  "ki": 0.15,
  "kd": 0.05,
  "mae": 0.5026090626872,
  "rmse": 0.5027712657811315,
  "max_error": 0.6344855569723505,
  "speed_variance": 0.00016307579985549823,
  "overshoot": 0.0,
  "settling_time": null,
  "score": 15.575813403581748
}