{
  "iteration": 49,
  "kp": 0.5,
  "ki": 0.2,
  "kd": 0.05,
  "mae": 0.014100947979069208,
  "rmse": 0.06117727802001896,
  "max_error": 0.6579999999999999,
  "speed_variance": 0.0010608105862253696,
  "overshoot": 0.0,
  "settling_time": 0.13134121894836426,
  "score": 1.1248433012970815
}