{
  "iteration": 51,
  "kp": 0.5,
  "ki": 0.25,
  "kd": 0.01,
  "mae": 0.018509082783919783,
  "rmse": 0.06333637890192431,
  "max_error": 0.679,
  "speed_variance": 0.000880353671326492,
  "overshoot": 0.0,
  "settling_time": 0.08662772178649902,
  "score": 1.187816967113037
}