{
  "iteration": 81,
  "kp": 0.7,
  "ki": 0.25,
  "kd": 0.01,
  "mae": 0.44431429271548306,
  "rmse": 0.4446276684980385,
  "max_error": 0.5834006215390469,
  "speed_variance": 0.00027857288274171505,
  "overshoot": 0.0,
  "settling_time": null,
  "score": 14.126486598762494
}