{
  "iteration": 30,
  "kp": 0.3,
  "ki": 0.3,
  "kd": 0.07,
  "mae": 0.025522112421879253,
  "rmse": 0.09630517882228268,
  "max_error": 0.8882948489717377,
  "speed_variance": 0.00035058036923501455,
  "overshoot": 0.0,
  "settling_time": 0.11115646362304688,
  "score": 1.7284434713770882
}