{
  "iteration": 108,
  "kp": 0.9,
  "ki": 0.2,
  "kd": 0.03,
  "mae": 0.42476338561991894,
  "rmse": 0.4251330686059913,
  "max_error": 0.6282204230666182,
  "speed_variance": 0.00031419225905057486,
  "overshoot": 0.0,
  "settling_time": null,
  "score": 13.64033949824159
}