{
  "iteration": 16,
  "kp": 0.3,
  "ki": 0.2,
  "kd": 0.01,
  "mae": 0.030597808797825816,
  "rmse": 0.058643699174710906,
  "max_error": 0.8222059791862749,
  "speed_variance": 0.0012371508895756846,
  "overshoot": 0.0,
  "settling_time": 6.401698589324951,
  "score": 1.8876609790102012
}