{
  "iteration": 77,
  "kp": 0.7,
  "ki": 0.2,
  "kd": 0.02,
  "mae": 0.47371842902792527,
  "rmse": 0.4739672265652517,
  "max_error": 0.6089751331948565,
  "speed_variance": 0.00023578185727108855,
  "overshoot": 0.0,
  "settling_time": null,
  "score": 14.858481781621581
}