{
  "iteration": 114,
  "kp": 0.9,
  "ki": 0.25,
  "kd": 0.05,
  "mae": 0.39859081263066654,
  "rmse": 0.39897546078236057,
  "max_error": 0.5774604304060905,
  "speed_variance": 0.0003067823929218984,
  "overshoot": 0.0,
  "settling_time": null,
  "score": 12.985879157688169
}