{
  "iteration": 25,
  "kp": 0.3,
  "ki": 0.25,
  "kd": 0.07,
  "mae": 0.11880898497606646,
  "rmse": 0.22770225490793478,
  "max_error": 0.99757312,
  "speed_variance": 0.00679670533406768,
  "overshoot": 0.0,
  "settling_time": 8.570150375366211,
  "score": 5.800473977619692
}