{
  "iteration": 179,
  "kp": 1.3,
  "ki": 0.3,
  "kd": 0.05,
  "mae": 0.309638826387513,
  "rmse": 0.31041597086311257,
  "max_error": 0.5517671636641943,
  "speed_variance": 0.0004818721602523092,
  "overshoot": 0.0,
  "settling_time": null,
  "score": 10.776721434834434
}