{
  "iteration": 100,
  "kp": 0.9,
  "ki": 0.1,
  "kd": 0.07,
  "mae": 0.4765638218887699,
  "rmse": 0.47690355799808315,
  "max_error": 0.7648,
  "speed_variance": 0.0003239272979999954,
  "overshoot": 0.0,
  "settling_time": null,
  "score": 14.935387953758946
}