{
  "iteration": 78,
  "kp": 0.7,
  "ki": 0.2,
  "kd": 0.03,
  "mae": 0.47396707144250977,
  "rmse": 0.47424665460259197,
  "max_error": 0.6263036561772125,
  "speed_variance": 0.0002651045899610544,
  "overshoot": 0.0,
  "settling_time": null,
  "score": 14.86662576296203
}