{
  "iteration": 172,
  "kp": 1.3,
  "ki": 0.25,
  "kd": 0.02,
  "mae": 0.3312190911099468,
  "rmse": 0.3320909542423439,
  "max_error": 0.6863603172368924,
  "speed_variance": 0.0005783155738913901,
  "overshoot": 0.0,
  "settling_time": null,
  "score": 11.322471003429197
}