{
  "iteration": 65,
  "kp": 0.7,
  "ki": 0.05,
  "kd": 0.07,
  "mae": 0.5598804985326223,
  "rmse": 0.5599208483862598,
  "max_error": 0.6665782727171781,
  "speed_variance": 4.518382045106385e-05,
  "overshoot": 0.0,
  "settling_time": null,
  "score": 16.999876902142674
}