{
  "iteration": 159,
  "kp": 1.3,
  "ki": 0.1,
  "kd": 0.05,
  "mae": 0.3933872061453196,
  "rmse": 0.39350663343867043,
  "max_error": 0.5340111379050742,
  "speed_variance": 9.397660141599948e-05,
  "overshoot": 0.0,
  "settling_time": null,
  "score": 12.841170393104052
}