{
  "iteration": 95,
  "kp": 0.9,
  "ki": 0.05,
  "kd": 0.07,
  "mae": 0.5008065350026902,
  "rmse": 0.5008326566567618,
  "max_error": 0.5969629153362968,
  "speed_variance": 2.6164472469110648e-05,
  "overshoot": 0.0,
  "settling_time": null,
  "score": 15.521863423501784
}