{
  "iteration": 86,
  "kp": 0.7,
  "ki": 0.3,
  "kd": 0.01,
  "mae": 0.41521485807666786,
  "rmse": 0.4156220137094885,
  "max_error": 0.556,
  "speed_variance": 0.0003382799123028431,
  "overshoot": 0.0,
  "settling_time": null,
  "score": 13.403392782024149
}