{
  "iteration": 102,
  "kp": 0.9,
  "ki": 0.15,
  "kd": 0.02,
  "mae": 0.44977683094706605,
  "rmse": 0.4499211783384399,
  "max_error": 0.5696697841277534,
  "speed_variance": 0.0001298690606647124,
  "overshoot": 0.0,
  "settling_time": null,
  "score": 14.253079437580494
}