{
  "iteration": 47,
  "kp": 0.5,
  "ki": 0.2,
  "kd": 0.02,
  "mae": 0.0751733879877381,
  "rmse": 0.16054827756111356,
  "max_error": 0.7363089093999742,
  "speed_variance": 0.007007799054171705,
  "overshoot": 0.0,
  "settling_time": 6.676740646362305,
  "score": 4.1780220606389005
}