{
  "iteration": 57,
  "kp": 0.5,
  "ki": 0.3,
  "kd": 0.02,
  "mae": 0.4718576466051454,
  "rmse": 0.4726016706685979,
  "max_error": 0.7092720364474123,
  "speed_variance": 0.0007027004590035675,
  "overshoot": 0.0,
  "settling_time": null,
  "score": 14.842736549030601
}