{
  "iteration": 145,
  "kp": 1.1,
  "ki": 0.25,
  "kd": 0.07,
  "mae": 0.364960386104763,
  "rmse": 0.36812878725092785,
  "max_error": 0.9616,
  "speed_variance": 0.002322720577101195,
  "overshoot": 0.0,
  "settling_time": null,
  "score": 12.287671698666607
}