{
  "iteration": 161,
  "kp": 1.3,
  "ki": 0.15,
  "kd": 0.01,
  "mae": 0.37205176786554056,
  "rmse": 0.37220940696882093,
  "max_error": 0.492065840402504,
  "speed_variance": 0.00011732466420730692,
  "overshoot": 0.0,
  "settling_time": null,
  "score": 12.309525016398085
}