{
  "iteration": 150,
  "kp": 1.1,
  "ki": 0.3,
  "kd": 0.07,
  "mae": 0.3401624958995536,
  "rmse": 0.34221385321425735,
  "max_error": 0.815783873088916,
  "speed_variance": 0.0013997977151353597,
  "overshoot": 0.0,
  "settling_time": null,
  "score": 11.604822642966164
}