{
  "iteration": 58,
  "kp": 0.5,
  "ki": 0.3,
  "kd": 0.03,
  "mae": 0.4716199542228635,
  "rmse": 0.47224002540721,
  "max_error": 0.6639999999999999,
  "speed_variance": 0.0005852603754264695,
  "overshoot": 0.0,
  "settling_time": null,
  "score": 14.82906294210811
}