{
  "iteration": 176,
  "kp": 1.3,
  "ki": 0.3,
  "kd": 0.01,
  "mae": 0.3094925728633828,
  "rmse": 0.3101549925375908,
  "max_error": 0.4879799493729984,
  "speed_variance": 0.0004104667383967247,
  "overshoot": 0.0,
  "settling_time": null,
  "score": 10.767773953617526
}