{
  "iteration": 148,
  "kp": 1.1,
  "ki": 0.3,
  "kd": 0.03,
  "mae": 0.338554677633736,
  "rmse": 0.3392496726205182,
  "max_error": 0.5493214562584194,
  "speed_variance": 0.00047107062544585773,
  "overshoot": 0.0,
  "settling_time": null,
  "score": 11.497845396917427
}