{
  "iteration": 130,
  "kp": 1.1,
  "ki": 0.1,
  "kd": 0.07,
  "mae": 0.43068918391513317,
  "rmse": 0.4308308468651849,
  "max_error": 0.6311550826895087,
  "speed_variance": 0.00012204546908900673,
  "overshoot": 0.0,
  "settling_time": null,
  "score": 13.775456815583556
}