{
  "iteration": 177,
  "kp": 1.3,
  "ki": 0.3,
  "kd": 0.02,
  "mae": 0.30933091931933093,
  "rmse": 0.30993764835444054,
  "max_error": 0.4589058324487647,
  "speed_variance": 0.0003757282205384268,
  "overshoot": 0.0,
  "settling_time": null,
  "score": 10.761160329536839
}