{
  "iteration": 88,
  "kp": 0.7,
  "ki": 0.3,
  "kd": 0.03,
  "mae": 0.41669455269461986,
  "rmse": 0.41744325383263686,
  "max_error": 0.6768452342944737,
  "speed_variance": 0.0006245199250100036,
  "overshoot": 0.0,
  "settling_time": null,
  "score": 13.45982033068625
}