{
  "iteration": 115,
  "kp": 0.9,
  "ki": 0.25,
  "kd": 0.07,
  "mae": 0.4020327293514942,
  "rmse": 0.4044540596015206,
  "max_error": 0.961792,
  "speed_variance": 0.0019527708583385994,
  "overshoot": 0.0,
  "settling_time": null,
  "score": 13.18477673045468
}