{
  "iteration": 12,
  "kp": 0.3,
  "ki": 0.15,
  "kd": 0.02,
  "mae": 0.05500656176295566,
  "rmse": 0.0647893752158919,
  "max_error": 0.7989999999999999,
  "speed_variance": 0.0007941440071380491,
  "overshoot": 0.0,
  "settling_time": 9.0725736618042,
  "score": 2.4688708124052576
}