{
  "iteration": 44,
  "kp": 0.5,
  "ki": 0.15,
  "kd": 0.05,
  "mae": 0.03257074698135708,
  "rmse": 0.12999524492686182,
  "max_error": 0.7350063186965466,
  "speed_variance": 0.002737207827600495,
  "overshoot": 0.0,
  "settling_time": 0.15451884269714355,
  "score": 2.4279484193662375
}