{
  "iteration": 154,
  "kp": 1.3,
  "ki": 0.05,
  "kd": 0.05,
  "mae": 0.41407735378555655,
  "rmse": 0.41410842519437757,
  "max_error": 0.4987113287246675,
  "speed_variance": 2.5732898918520875e-05,
  "overshoot": 0.0,
  "settling_time": null,
  "score": 13.353686560717156
}