{
  "iteration": 15,
  "kp": 0.3,
  "ki": 0.15,
  "kd": 0.07,
  "mae": 0.0544051506986735,
  "rmse": 0.06919027742974854,
  "max_error": 0.769,
  "speed_variance": 0.0007894240590790794,
  "overshoot": 0.0,
  "settling_time": 8.734578609466553,
  "score": 2.4948347323335724
}