{
  "iteration": 17,
  "kp": 0.3,
  "ki": 0.2,
  "kd": 0.02,
  "mae": 0.6185149099297216,
  "rmse": 0.6187602769100463,
  "max_error": 0.796,
  "speed_variance": 0.00030358647642546066,
  "overshoot": 0.0,
  "settling_time": null,
  "score": 18.481732576769183
}