{
  "iteration": 165,
  "kp": 1.3,
  "ki": 0.15,
  "kd": 0.07,
  "mae": 0.37350895029948245,
  "rmse": 0.37427804987926916,
  "max_error": 0.76,
  "speed_variance": 0.0005751226676074878,
  "overshoot": 0.0,
  "settling_time": null,
  "score": 12.378016384564237
}