{
  "iteration": 113,
  "kp": 0.9,
  "ki": 0.25,
  "kd": 0.03,
  "mae": 0.3991730388527071,
  "rmse": 0.39973458310591126,
  "max_error": 0.6299419527174238,
  "speed_variance": 0.0004486219839518794,
  "overshoot": 0.0,
  "settling_time": null,
  "score": 13.010180234313333
}