{
  "iteration": 90,
  "kp": 0.7,
  "ki": 0.3,
  "kd": 0.07,
  "mae": 0.4171237339585807,
  "rmse": 0.41792954216459,
  "max_error": 0.6661526749342402,
  "speed_variance": 0.0006728927823549729,
  "overshoot": 0.0,
  "settling_time": null,
  "score": 13.473825111172404
}