{
  "iteration": 68,
  "kp": 0.7,
  "ki": 0.1,
  "kd": 0.03,
  "mae": 0.5310721271974439,
  "rmse": 0.5311364312044201,
  "max_error": 0.611663739137156,
  "speed_variance": 6.830426654959251e-05,
  "overshoot": 0.0,
  "settling_time": null,
  "score": 16.28118295336822
}