{
  "iteration": 20,
  "kp": 0.3,
  "ki": 0.2,
  "kd": 0.07,
  "mae": 0.6191277064454185,
  "rmse": 0.619444026912921,
  "max_error": 0.7942276363339841,
  "speed_variance": 0.0003917855897311515,
  "overshoot": 0.0,
  "settling_time": null,
  "score": 18.502526747634555
}