{
  "iteration": 89,
  "kp": 0.7,
  "ki": 0.3,
  "kd": 0.05,
  "mae": 0.41730780322963773,
  "rmse": 0.41818855301021723,
  "max_error": 0.7112971812132719,
  "speed_variance": 0.0007358632324333119,
  "overshoot": 0.0,
  "settling_time": null,
  "score": 13.482699489071301
}