{
  "iteration": 144,
  "kp": 1.1,
  "ki": 0.25,
  "kd": 0.05,
  "mae": 0.364004211943047,
  "rmse": 0.36630483483011694,
  "max_error": 0.904,
  "speed_variance": 0.0016801657076406479,
  "overshoot": 0.0,
  "settling_time": null,
  "score": 12.218622927264256
}