{
  "iteration": 70,
  "kp": 0.7,
  "ki": 0.1,
  "kd": 0.07,
  "mae": 0.5315178823477187,
  "rmse": 0.5316693490860785,
  "max_error": 0.7145609944445701,
  "speed_variance": 0.00016103750221119857,
  "overshoot": 0.0,
  "settling_time": null,
  "score": 16.298270934878925
}