{
  "iteration": 66,
  "kp": 0.7,
  "ki": 0.1,
  "kd": 0.01,
  "mae": 0.5311262534551818,
  "rmse": 0.5311978333791545,
  "max_error": 0.6192556626761722,
  "speed_variance": 7.604107736978732e-05,
  "overshoot": 0.0,
  "settling_time": null,
  "score": 16.28303208910762
}