{
  "iteration": 3,
  "kp": 0.3,
  "ki": 0.05,
  "kd": 0.03,
  "mae": 0.7325227247307338,
  "rmse": 0.7326283632780326,
  "max_error": 0.8947006695952526,
  "speed_variance": 0.00015477643251073927,
  "overshoot": 0.0,
  "settling_time": null,
  "score": 21.322391518103366
}