{
  "iteration": 41,
  "kp": 0.5,
  "ki": 0.15,
  "kd": 0.01,
  "mae": 0.015065982405962472,
  "rmse": 0.07020907551496088,
  "max_error": 0.685,
  "speed_variance": 0.00110012872861283,
  "overshoot": 0.0,
  "settling_time": 0.09133481979370117,
  "score": 1.2679358751940493
}