{
  "iteration": 129,
  "kp": 1.1,
  "ki": 0.1,
  "kd": 0.05,
  "mae": 0.43087339147396914,
  "rmse": 0.4310725606958237,
  "max_error": 0.6632344423823976,
  "speed_variance": 0.00017167310457439472,
  "overshoot": 0.0,
  "settling_time": null,
  "score": 13.783405980405767
}