{
  "iteration": 109,
  "kp": 0.9,
  "ki": 0.2,
  "kd": 0.05,
  "mae": 0.4304461596519648,
  "rmse": 0.4345847629059904,
  "max_error": 0.9999389728768,
  "speed_variance": 0.0035800197909310735,
  "overshoot": 0.0,
  "settling_time": null,
  "score": 14.002234029656057
}