{
  "iteration": 170,
  "kp": 1.3,
  "ki": 0.2,
  "kd": 0.07,
  "mae": 0.35125319434335195,
  "rmse": 0.35155891710970244,
  "max_error": 0.5193669346582288,
  "speed_variance": 0.00021486566293801631,
  "overshoot": 0.0,
  "settling_time": null,
  "score": 11.796658983225957
}