{
  "iteration": 31,
  "kp": 0.5,
  "ki": 0.05,
  "kd": 0.01,
  "mae": 0.031774154666914474,
  "rmse": 0.1355916806327256,
  "max_error": 0.6910000000000001,
  "speed_variance": 0.004027174201157641,
  "overshoot": 0.0,
  "settling_time": 0.17391705513000488,
  "score": 2.5703671717309113
}