{
  "iteration": 48,
  "kp": 0.5,
  "ki": 0.2,
  "kd": 0.03,
  "mae": 0.02578921246095349,
  "rmse": 0.10192557722301779,
  "max_error": 0.6966124847279744,
  "speed_variance": 0.0020540149885866876,
  "overshoot": 0.0,
  "settling_time": 0.12781643867492676,
  "score": 1.9022581762516286
}