{
  "iteration": 36,
  "kp": 0.5,
  "ki": 0.1,
  "kd": 0.01,
  "mae": 0.0401570428479149,
  "rmse": 0.1438293787147415,
  "max_error": 0.688,
  "speed_variance": 0.004666329418007989,
  "overshoot": 0.0,
  "settling_time": 0.18120694160461426,
  "score": 2.810448274261132
}