{
  "iteration": 138,
  "kp": 1.1,
  "ki": 0.2,
  "kd": 0.03,
  "mae": 0.38459896886827527,
  "rmse": 0.38498752921001256,
  "max_error": 0.6180993187935223,
  "speed_variance": 0.00029903079268973795,
  "overshoot": 0.0,
  "settling_time": null,
  "score": 12.635754166467427
}