{
  "iteration": 53,
  "kp": 0.5,
  "ki": 0.25,
  "kd": 0.03,
  "mae": 0.0319107687472597,
  "rmse": 0.09735957383788804,
  "max_error": 0.667,
  "speed_variance": 0.00241395195683776,
  "overshoot": 0.0,
  "settling_time": 0.252194881439209,
  "score": 1.9254183810267267
}