{
  "iteration": 29,
  "kp": 0.3,
  "ki": 0.3,
  "kd": 0.05,
  "mae": 0.024936751812595366,
  "rmse": 0.09067143205811731,
  "max_error": 0.817340272851108,
  "speed_variance": 0.0004726553618272697,
  "overshoot": 0.0,
  "settling_time": 0.10654950141906738,
  "score": 1.6437267172309835
}