{
  "iteration": 91,
  "kp": 0.9,
  "ki": 0.05,
  "kd": 0.01,
  "mae": 0.5008917144214464,
  "rmse": 0.5009177537121491,
  "max_error": 0.5750355783124357,
  "speed_variance": 2.608640796954283e-05,
  "overshoot": 0.0,
  "settling_time": null,
  "score": 15.523987770295177
}