{
  "iteration": 169,
  "kp": 1.3,
  "ki": 0.2,
  "kd": 0.05,
  "mae": 0.3514179596897748,
  "rmse": 0.3517231967808028,
  "max_error": 0.502068395855838,
  "speed_variance": 0.0002146247611830866,
  "overshoot": 0.0,
  "settling_time": null,
  "score": 11.800758786668945
}