{
  "iteration": 110,
  "kp": 0.9,
  "ki": 0.2,
  "kd": 0.07,
  "mae": 0.42478423419981953,
  "rmse": 0.42519052927460055,
  "max_error": 0.678606357590525,
  "speed_variance": 0.0003453405600878286,
  "overshoot": 0.0,
  "settling_time": null,
  "score": 13.642967309121596
}