{
  "iteration": 96,
  "kp": 0.9,
  "ki": 0.1,
  "kd": 0.01,
  "mae": 0.4746645422717561,
  "rmse": 0.4746893600702812,
  "max_error": 0.5181047737137567,
  "speed_variance": 2.3560873877407308e-05,
  "overshoot": 0.0,
  "settling_time": null,
  "score": 14.868163867465649
}