{
  "iteration": 140,
  "kp": 1.1,
  "ki": 0.2,
  "kd": 0.07,
  "mae": 0.38631193095093014,
  "rmse": 0.38752847513783106,
  "max_error": 0.7625317837196488,
  "speed_variance": 0.0009414110476163698,
  "overshoot": 0.0,
  "settling_time": null,
  "score": 12.723116988957585
}