{
  "iteration": 162,
  "kp": 1.3,
  "ki": 0.15,
  "kd": 0.02,
  "mae": 0.37202369021362025,
  "rmse": 0.3721821876799232,
  "max_error": 0.5015059695375534,
  "speed_variance": 0.0001179547460539541,
  "overshoot": 0.0,
  "settling_time": null,
  "score": 12.308867454637749
}