{
  "iteration": 111,
  "kp": 0.9,
  "ki": 0.25,
  "kd": 0.01,
  "mae": 0.39873823075975434,
  "rmse": 0.39912519661059415,
  "max_error": 0.5436690583103325,
  "speed_variance": 0.00030874590002644327,
  "overshoot": 0.0,
  "settling_time": null,
  "score": 12.989697551757777
}