{
  "iteration": 33,
  "kp": 0.5,
  "ki": 0.05,
  "kd": 0.03,
  "mae": 0.05691284034282294,
  "rmse": 0.18661366413081756,
  "max_error": 0.679,
  "speed_variance": 0.007624177319149332,
  "overshoot": 0.0,
  "settling_time": 0.25149035453796387,
  "score": 3.774691266801756
}