{
  "iteration": 24,
  "kp": 0.3,
  "ki": 0.25,
  "kd": 0.05,
  "mae": 0.2671777515286619,
  "rmse": 0.3739882675184645,
  "max_error": 0.775,
  "speed_variance": 0.030841528020305018,
  "overshoot": 0.0,
  "settling_time": 16.95330309867859,
  "score": 11.519008238946697
}