{
  "iteration": 42,
  "kp": 0.5,
  "ki": 0.15,
  "kd": 0.02,
  "mae": 0.08281937910560278,
  "rmse": 0.17415308036392504,
  "max_error": 0.6944427557016901,
  "speed_variance": 0.009346958027412089,
  "overshoot": 0.0,
  "settling_time": 8.737991094589233,
  "score": 4.781637007344432
}