{
  "iteration": 147,
  "kp": 1.1,
  "ki": 0.3,
  "kd": 0.02,
  "mae": 0.3384418694847201,
  "rmse": 0.33914140109827295,
  "max_error": 0.5557959502646096,
  "speed_variance": 0.0004739909185873194,
  "overshoot": 0.0,
  "settling_time": null,
  "score": 11.495239257250661
}