{
  "iteration": 151,
  "kp": 1.3,
  "ki": 0.05,
  "kd": 0.01,
  "mae": 0.4138709863358587,
  "rmse": 0.41388838011447016,
  "max_error": 0.4674513360058776,
  "speed_variance": 1.4397863163581937e-05,
  "overshoot": 0.0,
  "settling_time": null,
  "score": 13.347755458233818
}