{
  "iteration": 23,
  "kp": 0.3,
  "ki": 0.25,
  "kd": 0.03,
  "mae": 0.28020879304277335,
  "rmse": 0.3845282825007275,
  "max_error": 0.787,
  "speed_variance": 0.03162552552440947,
  "overshoot": 0.0,
  "settling_time": 18.069767713546753,
  "score": 11.958265215513794
}