{
  "iteration": 105,
  "kp": 0.9,
  "ki": 0.15,
  "kd": 0.07,
  "mae": 0.4502353706177931,
  "rmse": 0.4504734980514222,
  "max_error": 0.6474684095331373,
  "speed_variance": 0.00021448349134323122,
  "overshoot": 0.0,
  "settling_time": null,
  "score": 14.270180351516426
}