{
  "iteration": 119,
  "kp": 0.9,
  "ki": 0.3,
  "kd": 0.05,
  "mae": 0.3736688270025648,
  "rmse": 0.374430161574625,
  "max_error": 0.632168513063407,
  "speed_variance": 0.0005695536233270394,
  "overshoot": 0.0,
  "settling_time": null,
  "score": 12.381618374811376
}