{
  "iteration": 22,
  "kp": 0.3,
  "ki": 0.25,
  "kd": 0.02,
  "mae": 0.2932847976098538,
  "rmse": 0.39422191006618856,
  "max_error": 0.7929999999999999,
  "speed_variance": 0.032493566400217305,
  "overshoot": 0.0,
  "settling_time": 19.931400537490845,
  "score": 12.463995000851316
}