{
  "iteration": 50,
  "kp": 0.5,
  "ki": 0.2,
  "kd": 0.07,
  "mae": 0.021803515374721572,
  "rmse": 0.09459858567722758,
  "max_error": 0.817575146265215,
  "speed_variance": 0.00104770963725393,
  "overshoot": 0.0,
  "settling_time": 0.11388969421386719,
  "score": 1.7007883901897125
}