{
  "iteration": 155,
  "kp": 1.3,
  "ki": 0.05,
  "kd": 0.07,
  "mae": 0.42252771904690517,
  "rmse": 0.42704462736823046,
  "max_error": 0.999974834176,
  "speed_variance": 0.0038374404010903104,
  "overshoot": 0.0,
  "settling_time": null,
  "score": 13.822818621047025
}