{
  "iteration": 7,
  "kp": 0.3,
  "ki": 0.1,
  "kd": 0.02,
  "mae": 0.12496022144790314,
  "rmse": 0.2629558222357656,
  "max_error": 0.802,
  "speed_variance": 0.008517768119970872,
  "overshoot": 0.0,
  "settling_time": 9.706451892852783,
  "score": 6.590473143299337
}